UTC Date,Run Number,Nominal Data Duration (min),p.e. threshold,Target,Start Time (UTC),Target  Time (UTC),Goal RA,Goal Dec,Pointing Script
4/21/26,400265,28,23,Mrk421,4:13:00 AM,4:15:00 AM,10 57 39.965,35 53 44.250,Miguel's 2.68 deg El
4/21/26,400267,28,23,Mrk421,4:43:00 AM,4:45:00 AM,11 09 31.571,35 43 37.276,Miguel's 2.68 deg El
4/21/26,400269,15,23,Mrk421,5:15:00 AM,5:15:00 AM,11 15 39.576,36 42 40.897,Miguel's 2.68 deg El
4/21/26,400272,22,23,Mrk421,5:49:00 AM,5:45:00 AM,11 17 17.931,37 20 43.987,Miguel's 2.68 deg El
4/21/26,400275,21,23,Mrk421+2HrRA,6:20:00 AM,6:15:00 AM,12 57 48.709,35 52 43.787,Miguel's 2.68 deg El
4/21/26,400277,26,23,Mrk421+2HrRA,6:45:00 AM,6:45:00 AM,13 09 42.244,35 44 30.033,Miguel's 2.68 deg El
4/21/26,400279,26,23,Mrk421+2HrRA,7:15:00 AM,7:15:00 AM,13 15 42.054,36 43 23.426,Miguel's 2.68 deg El
4/21/26,400280,23,23,Mrk421+2HrRA,7:48:00 AM,7:45:00 AM,13 17 18.479,37 21 1.249,Miguel's 2.68 deg El
4/20/26,400238,25,20,Mrk421,4:15:00 AM,4:15:00 AM,10 56 35.981,36 01 59.086,Miguel's 2.68 deg El
4/20/26,400240,26,20,Mrk421,4:45:00 AM,4:45:00 AM,11 08 2.448,35 37 33.251,Miguel's 2.68 deg El
4/20/26,400242,18,20,Mrk421,5:14:00 AM,5:15:00 AM,11 15 14.783,36 35 54.323,Miguel's 2.68 deg El
4/20/26,400243,31,20,Mrk421,5:40:00 AM,5:45:00 AM,11 17 10.604,37 16 50.172,Miguel's 2.68 deg El
4/20/26,400245,26,20,Mrk421,6:15:00 AM,6:15:00 AM,11 17 47.937,37 41 32.598,Miguel's 2.68 deg El
4/20/26,400247,26,20,Mrk421,6:45:00 AM,6:45:00 AM,11 18 1.901,37 58 52.432,Miguel's 2.68 deg El
4/20/26,400249,23,20,Mrk421,7:13:00 AM,7:15:00 AM,11 18 6.167,38 12 35.094,Miguel's 2.68 deg El
4/20/26,400251,21,21,Mrk421+3HrRA,7:50:00 AM,7:45:00 AM,14 08 19.816,35 38 34.996,Miguel's 2.68 deg El
4/20/26,400253,25,20,Mrk421+3HrRA,8:16:00 AM,8:15:00 AM,14 15 18.744,36 36 57.615,Miguel's 2.68 deg El
4/20/26,400255,26,20,Mrk421+3HrRA,8:45:00 AM,8:45:00 AM,14 17 11.345,37 17 13.522,Miguel's 2.68 deg El
4/20/26,400257,27,20,Mrk421+3HrRA,9:14:00 AM,9:15:00 AM,14 17 48.068,37 41 39.099,Miguel's 2.68 deg El
4/20/26,400259,29,20,Mrk421+3HrRA,9:42:00 AM,9:45:00 AM,14 18 1.925,37 58 51.621,Miguel's 2.68 deg El
4/20/26,400262,20,20,Mrk421+3HrRA,10:21:00 AM,10:15:00 AM,14 18 6.208,38 12 30.866,Miguel's 2.68 deg El
4/19/26,400210,11,20,Mrk421,4:00:00 AM,4:05:00 AM,10 54 1.773,36 30 27.188,Miguel's 2.68 deg El
4/19/26,400211,12,20,Mrk421,4:19:00 AM,4:19:00 AM,10 54 1.773,36 30 27.188,Miguel's 2.68 deg El
4/19/26,400213,26,20,Mrk421,4:35:00 AM,4:35:00 AM,11 02 3.858,35 34 16.689,Miguel's 2.68 deg El
4/19/26,400215,29,20,Mrk421,5:03:00 AM,5:05:00 AM,11 12 59.862,36 08 15.223,Miguel's 2.68 deg El
4/19/26,400218,23,20,Mrk421,5:38:00 AM,5:35:00 AM,11 16 33.885,37 00 39.893,Miguel's 2.68 deg El
4/19/26,400220,17,20,Mrk421,6:03:00 AM,6:05:00 AM,11 17 35.122,37 31 21.432,Miguel's 2.68 deg El
4/19/26,400221,33,20,Mrk421,6:29:00 AM,6:35:00 AM,11 17 57.092,37 51 25.920,Miguel's 2.68 deg El
4/19/26,400223,28,20,Mrk421,7:03:00 AM,7:05:00 AM,11 18 5.016,38 06 31.995,Miguel's 2.68 deg El
4/19/26,400225,26,20,Mrk421+2.5Hr RA,7:35:00 AM,7:35:00 AM,13 43 7.396,36 09 28.851,Miguel's 2.68 deg El
4/19/26,400228,22,20,Mrk421+2.5Hr RA,8:09:00 AM,8:05:00 AM,13 46 35.387,37 01 13.772,Miguel's 2.68 deg El
4/19/26,400230,3,20,Mrk421+2.5Hr RA,8:34:00 AM,8:35:00 AM,13 47 35.437,37 31 33.130,Miguel's 2.68 deg El
4/19/26,400231,17,20,Mrk421+2.5Hr RA,8:44:00 AM,8:44:00 AM,13 47 35.437,37 31 33.130,Miguel's 2.68 deg El
4/19/26,400233,29,20,Mrk421+2.5Hr RA,9:02:00 AM,9:05:00 AM,13 47 57.154,37 51 27.999,Miguel's 2.68 deg El
4/19/26,400235,29,20,Mrk421+2.5Hr RA,9:32:00 AM,9:35:00 AM,13 48 5.040,38 06 29.509,Miguel's 2.68 deg El
4/18/26,400182,28,20,Mrk421,4:58:00 AM,4:50:00 AM,11 06 52.0,35 34 19.418,Miguel's 2.68 deg El
4/18/26,400185,19,20,Mrk421,5:27:00 AM,5:20:00 AM,11 14 53.702,36 30 39.614,Miguel's 2.68 deg El
4/18/26,400187,26,20,Mrk421,5:50:00 AM,5:50:00 AM,11 17 4.567,37 13 49.926,Miguel's 2.68 deg El
4/18/26,400189,28,20,Mrk421,6:18:00 AM,6:20:00 AM,11 17 45.754,37 39 35.524,Miguel's 2.68 deg El
4/18/26,400191,29,20,Mrk421,6:47:00 AM,6:50:00 AM,11 18 1.098,37 57 24.834,Miguel's 2.68 deg El
4/18/26,400193,26,20,Mrk421,7:20:00 AM,7:20:00 AM,11 18 6.031,38 11 22.707,Miguel's 2.68 deg El
4/18/26,400196,21,20,Mrk421+3Hr RA,7:55:00 AM,7:50:00 AM,14 07 10.686,35 35 2.574,Miguel's 2.68 deg El
4/18/26,400198,26,20,Mrk421+3Hr RA,8:20:00 AM,8:20:00 AM,14 14 58.286,36 31 46.517,Miguel's 2.68 deg El
4/18/26,400200,28,20,Mrk421+3Hr RA,8:48:00 AM,8:50:00 AM,14 17 5.443,37 14 14.104,Miguel's 2.68 deg El
4/18/26,400202,27,20,Mrk421+3Hr RA,9:19:00 AM,9:20:00 AM,14 17 45.909,37 39 41.285,Miguel's 2.68 deg El
4/18/26,400204,11,20,Mrk421+3Hr RA,9:47:00 AM,9:50:00 AM,14 18 1.121,37 57 22.642,Miguel's 2.68 deg El
4/18/26,400205,8,20,Mrk421+3Hr RA,10:08:00 AM,10:08:00 AM,14 18 1.121,37 57 22.642,Miguel's 2.68 deg El
4/18/26,400206,11,20,Mrk421+3Hr RA,10:23:00 AM,10:20:00 AM,14 18 6.0623,38 11 16.799,Miguel's 2.68 deg El
4/18/26,400207,9,20,Mrk421+3Hr RA,10:41:00 AM,10:41:00 AM,14 18 6.0623,38 11 16.799,Miguel's 2.68 deg El
4/17/26,400156,14,20,Mrk421,4:42:00 AM,4:30:00 AM,10 57 27.31,35 55 14.27,Miguel's 2.68 deg El
4/17/26,400158,26,20,Mrk421,5:00:00 AM,5:00:00 AM,11 09 15.83,35 42 22.76,Miguel's 2.68 deg El
4/17/26,400160,26,20,Mrk421,5:30:00 AM,5:30:00 AM,11 15 35.32,36 41 27.93,Miguel's 2.68 deg El
4/17/26,400162,26,20,Mrk421,6:00:00 AM,6:00:00 AM,11 17 16.66,37 20 1.92,Miguel's 2.68 deg El
4/17/26,400164,28,20,Mrk421,6:28:00 AM,6:30:00 AM,11 17 50.16,37 43 39.19,Miguel's 2.68 deg El
4/17/26,400167,11,20,Mrk421,7:03:00 AM,7:00:00 AM,11 18 2.71,38 00 28.30,Miguel's 2.68 deg El
4/17/26,400168,6,20,Mrk421,7:20:00 AM,7:20:00 AM,11 18 2.71,38 00 28.30,Miguel's 2.68 deg El
4/17/26,400170,27,20,Mrk421+3Hr RA,7:29:00 AM,7:30:00 AM,13 57 40.73,35 53 38.31,Miguel's 2.68 deg El
4/17/26,400172,27,20,Mrk421+3Hr RA,7:59:00 AM,8:00:00 AM,14 09 31.514,35 43 36.407,Miguel's 2.68 deg El
4/17/26,400174,28,20,Mrk421+3Hr RA,8:28:00 AM,8:30:00 AM,14 15 38.648,36 42 23.926,Miguel's 2.68 deg El
4/17/26,400176,29,20,Mrk421+3Hr RA,8:57:00 AM,9:00:00 AM,14 17 17.284,37 20 20.993,Miguel's 2.68 deg El
4/17/26,400178,26,20,Mrk421+3Hr RA,9:34:00 AM,9:30:00 AM,14 17 50.267,37 43 42.818,Miguel's 2.68 deg El
4/17/26,400180,14,20,Mrk421+3Hr RA,10:03:00 AM,10:00:00 AM,14 18 2.725,38 00 25.142,Miguel's 2.68 deg El
4/16/26,400120,26,21,Mrk421-2 Hr RA,3:15:00 AM,3:30:00 AM,09 16 19.41,36 21 22.76,Qi's 3 deg El
4/16/26,400122,26,21,Mrk421-2 Hr RA,3:45:00 AM,4:00:00 AM,09 18 37.26,37 08 15.07,Qi's 3 deg El
4/16/26,400124,26,21,Mrk421-2 Hr RA,4:15:00 AM,4:30:00 AM,09 19 21.64,37 36 28.24,Qi's 3 deg El
4/16/26,400126,26,21,Mrk421-2 Hr RA,4:45:00 AM,5:00:00 AM,09 19 38.40,37 56 09.64,Qi's 3 deg El
4/16/26,400128,21,21,Mrk421,5:15:00 AM,5:30:00 AM,11 16 24.57,36 22 39.86,Qi's 3 deg El
4/16/26,400130,21,21,Mrk421,5:50:00 AM,6:00:00 AM,11 18 38.81,37 09 00.47,Qi's 3 deg El
4/16/26,400132,26,21,Mrk421,6:15:00 AM,6:30:00 AM,11 19 22.17,37 36 55.11,Qi's 3 deg El
4/16/26,400135,22,21,Mrk421,6:49:00 AM,7:00:00 AM,11 19 38.59,37 56 26.33,Qi's 3 deg El
4/16/26,400137,28,21,Mrk421,7:12:00 AM,7:30:00 AM,11 19 43.89,38 11 51.10,Qi's 3 deg El
4/16/26,400139,3,21,Mrk421,7:42:00 AM,8:00:00 AM,11 19 43.11,38 25 03.92,Qi's 3 deg El
4/16/26,400140,17,21,Mrk421,7:52:00 AM,7:52:00 AM,11 19 43.11,38 25 03.92,Qi's 3 deg El
4/16/26,400142,28,21,Mrk421,8:12:00 AM,8:30:00 AM,11 19 38.12,38 37 02.40,Qi's 3 deg El
4/16/26,400144,31,21,Mrk421+1.5 Hr RA,8:40:00 AM,9:00:00 AM,12 49 43.91,38 11 50.69,Qi's 3 deg El
4/16/26,400146,26,21,Mrk421+1.5 Hr RA,9:15:00 AM,9:30:00 AM,12 49 43.14,38 25 01.93,Qi's 3 deg El
4/16/26,400148,33,21,Mrk421+1.5 Hr RA,9:23:00 AM,10:00:00 AM,12 49 38.17,38 36 59.52,Qi's 3 deg El
4/15/26,400087,20,21,Mrk421,3:33:30 AM,3:43:00 AM,10 50 04.60,37 14 54.08,Qi's 3 deg El
4/15/26,400089,26,21,Mrk421,4:00:00 AM,4:13:00 AM,10 51 51.49,36 33 09.24,Qi's 3 deg El
4/15/26,400091,30,21,Mrk421,4:25:00 AM,4:43:00 AM,10 58 27.39,35 27 31.00,Qi's 3 deg El
4/15/26,400093,30,21,Mrk421,4:55:00 AM,5:13:00 AM,11 11 44.27,35 35 05.81,Qi's 3 deg El
4/15/26,400095,30,21,Mrk421,5:25:00 AM,5:43:00 AM,11 17 24.00,36 39 32.13,Qi's 3 deg El
4/15/26,400097,29,21,Mrk421,5:56:00 AM,6:13:00 AM,11 18 56.77,37 18 46.14,Qi's 3 deg El
4/15/26,400099,23,21,Mrk421,6:25:00 AM,6:43:00 AM,11 19 28.88,37 43 26.18,Qi's 3 deg El
4/15/26,400101,28,21,Mrk421,6:56:00 AM,7:13:00 AM,11 19 41.03,38 01 24.98,Qi's 3 deg El
4/15/26,400103,20,21,Mrk421 + 4 Hr RA,7:33:30 AM,7:43:00 AM,14 50 06.33,37 13 54.88,Qi's 3 deg El
4/15/26,400105,26,21,Mrk421 + 4 Hr RA,8:00:00 AM,8:13:00 AM,14 51 58.2,36 31 11.55,Qi's 3 deg El
4/15/26,400107,26,21,Mrk421 + 4 Hr RA,8:30:00 AM,8:43:00 AM,14 58 52.21,35 25 25.78,Qi's 3 deg El
4/15/26,400109,26,21,Mrk421 + 4 Hr RA,8:57:00 AM,9:13:00 AM,15 12 01.87,35 37 04.38,Qi's 3 deg El
4/15/26,400111,10,21,Mrk421 + 4 Hr RA,9:26:00 AM,9:43:00 AM,15 17 27.05,36 40 29.73,Qi's 3 deg El
4/15/26,400112,12,21,Mrk421 + 4 Hr RA,9:26:00 AM,9:43:00 AM,15 17 27.05,36 40 29.73,Qi's 3 deg El
4/15/26,400114,27,21,Mrk421 + 4 Hr RA,9:57:00 AM,10:13:00 AM,15 18 57.20,37 18 59.18,Qi's 3 deg El
4/15/26,400116,29,21,Mrk421 + 4 Hr RA,10:24:00 AM,10:43:00 AM,15 19 28.87,37 43 22.05,Qi's 3 deg El
4/15/26,400118,32,21,Mrk421 + 4 Hr RA,10:58:00 AM,11:13:00 AM,15 19 41.02,38 01 13.86,Qi's 3 deg El
4/14/26,400071,25,22,Mrk421,3:54:00 AM,4:00:00 AM,10 50 36.45,36 59 28.80,Qi's 3 deg El
4/14/26,400072,15,22,Mrk421,4:23:00 AM,4:30:00 AM,10 53 42.40,36 06 24.03,Qi's 3 deg El
4/14/26,400073,10,22,Mrk421 + 51 min RA,4:45:00 AM,4:51:00 AM,11 41 36.75,36 59 20.09,Qi's 3 deg El
4/14/26,400076,20,22,Mrk421,6:06:00 AM,6:12:00 AM,11 18 47.72,37 13 38.32,Qi's 3 deg El
4/14/26,400077,25,23,Mrk421,6:30:00 AM,6:42:00 AM,11 19 25.47,37 39 58.37,Qi's 3 deg El
4/14/26,400078,25,23,Mrk421,7:00:00 AM,7:12:00 AM,11 19 39.81,37 58 45.04,Qi's 3 deg El
4/14/26,400079,20,22,Mrk421 + 1.5 Hr RA,7:36:00 AM,7:42:00 AM,12 48 48.26,37 13 55.31,Qi's 3 deg El
4/14/26,400080,10,23,Mrk421 + 1.5 Hr RA,8:00:00 AM,8:12:00 AM,12 49 25.60,37 40 05.23,Qi's 3 deg El